station_id,route_id
101,1
103,1
104,1
106,1
107,1
108,1
109,1
110,1
111,1
112,1
113,1
114,1
115,1
116,1
117,1
118,1
119,1
120,1
120,2
120,3
121,1
121,2
122,1
122,2
123,1
123,2
123,3
124,1
124,2
125,1
125,2
126,1
126,2
127,1
127,2
127,3
128,1
128,2
128,3
129,1
129,2
130,1
130,2
131,1
131,2
132,1
132,2
132,3
133,1
133,2
134,1
134,2
135,1
135,2
136,1
136,2
137,1
137,2
137,3
138,1
139,1
142,1
201,2
204,2
204,5
205,2
205,5
206,2
206,5
207,2
207,5
208,2
208,5
209,2
209,5
210,2
210,5
211,2
211,5
212,2
212,5
213,2
213,5
214,2
214,5
215,2
215,5
216,2
216,5
217,2
217,5
218,2
218,5
219,2
219,5
220,2
220,5
221,2
221,5
222,2
222,5
224,2
224,3
225,2
225,3
226,2
226,3
227,2
227,3
228,2
228,3
229,2
229,3
230,2
230,3
231,2
231,3
232,2
232,3
233,2
233,3
234,2
234,3
234,4
234,5
235,2
235,3
235,4
235,5
236,2
236,3
236,4
237,2
237,3
237,4
238,2
238,3
238,4
239,2
239,3
239,4
239,5
241,2
241,5
242,2
242,5
243,2
243,5
244,2
244,5
245,2
245,5
246,2
246,5
247,2
247,5
248,2
248,3
248,4
248,5
249,2
249,3
249,4
249,5
250,2
250,3
250,4
250,5
251,2
251,3
251,4
251,5
252,2
252,3
252,4
252,5
253,2
253,3
253,4
253,5
254,2
254,3
254,4
254,5
255,2
255,3
255,4
255,5
256,2
256,3
256,4
256,5
257,2
257,3
257,4
257,5
301,3
302,3
401,4
402,4
405,4
406,4
407,4
408,4
409,4
410,4
411,4
412,4
413,4
414,4
415,4
416,4
416,5
418,4
418,5
419,4
419,5
420,4
420,5
423,4
423,5
501,5
502,5
503,5
504,5
505,5
601,6
601,6X
602,6
602,6X
603,6
603,6X
604,6
604,6X
606,6
606,6X
607,6
607,6X
608,6
608,6X
609,6
610,6
611,6
612,6
613,6
613,6X
614,6
615,6
616,6
617,6
618,6
619,6
619,6X
621,4
621,5
621,6
621,6X
622,4
622,6
622,6X
623,4
623,6
623,6X
624,4
624,6
624,6X
625,4
625,6
625,6X
626,4
626,5
626,6
626,6X
627,4
627,6
627,6X
628,4
628,6
628,6X
629,4
629,5
629,6
629,6X
630,4
630,6
630,6X
631,4
631,5
631,6
631,6X
632,4
632,6
632,6X
633,4
633,6
633,6X
634,4
634,6
634,6X
635,4
635,5
635,6
635,6X
636,4
636,6
636,6X
637,4
637,6
637,6X
638,4
638,6
638,6X
639,4
639,6
639,6X
640,4
640,5
640,6
640,6X
701,7
701,7X
702,7
702,7X
705,7
706,7
707,7
707,7X
708,7
709,7
710,7
710,7X
711,7
711,7X
712,7
712,7X
713,7
713,7X
714,7
714,7X
715,7
715,7X
716,7
716,7X
718,7
718,7X
719,7
719,7X
720,7
720,7X
721,7
721,7X
723,7
723,7X
724,7
724,7X
725,7
725,7X
726,7
726,7X
901,GS
902,GS
A02,A
A03,A
A05,A
A06,A
A07,A
A09,A
A09,C
A10,A
A10,C
A11,A
A11,C
A12,A
A12,C
A14,A
A14,B
A14,C
A15,A
A15,B
A15,C
A15,D
A16,A
A16,B
A16,C
A17,A
A17,B
A17,C
A18,A
A18,B
A18,C
A19,A
A19,B
A19,C
A20,A
A20,B
A20,C
A21,A
A21,B
A21,C
A22,A
A22,B
A22,C
A24,A
A24,B
A24,C
A24,D
A25,A
A25,C
A25,E
A27,A
A27,C
A27,E
A28,A
A28,C
A28,E
A30,A
A30,C
A30,E
A31,A
A31,C
A31,E
A32,A
A32,C
A32,E
A33,A
A33,C
A33,E
A34,A
A34,C
A34,E
A36,A
A36,C
A38,A
A38,C
A40,A
A40,C
A41,A
A41,C
A41,F
A41,FX
A42,A
A42,C
A42,G
A43,A
A43,C
A44,A
A44,C
A45,A
A45,C
A46,A
A46,C
A47,A
A47,C
A48,A
A48,C
A49,A
A49,C
A50,A
A50,C
A51,A
A51,C
A52,A
A52,C
A53,A
A53,C
A54,A
A54,C
A55,A
A55,C
A57,A
A59,A
A60,A
A61,A
A61,H
A63,A
A64,A
A65,A
B04,F
B04,M
B06,F
B06,M
B08,F
B08,M
B08,N
B08,Q
B08,R
B10,F
B10,M
B12,D
B12,R
B12,W
B13,D
B14,D
B15,D
B16,D
B16,R
B16,W
B17,D
B18,D
B19,D
B20,D
B21,D
B21,R
B21,W
B22,D
B23,D
D01,D
D03,B
D03,D
D04,B
D04,D
D05,B
D05,D
D06,B
D06,D
D07,B
D07,D
D08,B
D08,D
D09,B
D09,D
D10,B
D10,D
D11,B
D11,D
D12,B
D12,D
D13,B
D13,D
D14,B
D14,D
D14,E
D15,B
D15,D
D15,F
D15,FX
D15,M
D16,B
D16,D
D16,F
D16,FX
D16,M
D17,B
D17,D
D17,F
D17,FX
D17,M
D18,F
D18,FX
D18,M
D19,F
D19,FX
D19,M
D20,B
D20,D
D20,F
D20,FX
D20,M
D21,B
D21,D
D21,F
D21,FX
D21,M
D22,B
D22,D
D24,B
D24,Q
D25,B
D25,Q
D26,B
D26,FS
D26,Q
D27,Q
D28,B
D28,Q
D29,Q
D30,Q
D31,B
D31,Q
D32,Q
D33,Q
D34,Q
D35,B
D35,Q
D37,Q
D38,Q
D39,B
D39,Q
D40,B
D40,Q
D41,Q
D42,F
D42,FX
D42,Q
D43,D
D43,F
D43,FX
D43,N
D43,Q
E01,E
F01,E
F01,F
F01,FX
F02,E
F02,F
F02,FX
F03,E
F03,F
F03,FX
F04,E
F04,F
F04,FX
F05,E
F05,F
F05,FX
F06,E
F06,F
F06,FX
F07,E
F07,F
F07,FX
F09,E
F09,F
F09,FX
F11,E
F11,F
F11,FX
F12,E
F12,F
F12,FX
F14,F
F14,FX
F15,F
F15,FX
F16,F
F16,FX
F18,F
F18,FX
F20,F
F20,G
F21,F
F21,G
F22,F
F22,G
F23,F
F23,G
F24,F
F24,FX
F24,G
F25,F
F25,G
F26,F
F26,G
F27,F
F27,FX
F27,G
F29,F
F29,FX
F30,F
F30,FX
F31,F
F31,FX
F32,F
F32,FX
F33,F
F33,FX
F34,F
F34,FX
F35,F
F35,FX
F36,F
F36,FX
F38,F
F38,FX
F39,F
F39,FX
G05,E
G05,J
G05,Z
G06,E
G06,J
G06,Z
G07,E
G08,E
G08,F
G08,FX
G08,M
G08,R
G09,E
G09,F
G09,M
G09,R
G10,E
G10,F
G10,M
G10,R
G11,E
G11,F
G11,M
G11,R
G12,E
G12,F
G12,M
G12,R
G13,E
G13,F
G13,M
G13,R
G14,E
G14,F
G14,FX
G14,M
G14,R
G15,E
G15,F
G15,M
G15,R
G16,E
G16,F
G16,M
G16,R
G18,E
G18,F
G18,M
G18,R
G19,E
G19,F
G19,M
G19,R
G20,E
G20,F
G20,M
G20,R
G21,E
G21,F
G21,FX
G21,R
G22,G
G24,G
G26,G
G28,G
G29,G
G30,G
G31,G
G32,G
G33,G
G34,G
G35,G
G36,G
H01,A
H01,H
H02,A
H02,H
H03,A
H03,H
H04,A
H04,H
H06,A
H07,A
H08,A
H09,A
H10,A
H11,A
H12,A
H12,H
H13,A
H13,H
H14,A
H14,H
H15,A
H15,H
J12,J
J12,Z
J13,J
J14,J
J14,Z
J15,J
J15,Z
J16,J
J17,J
J17,Z
J19,J
J20,J
J20,Z
J21,J
J21,Z
J22,J
J23,J
J23,Z
J24,J
J24,Z
J27,J
J27,Z
J28,J
J28,Z
J29,J
J30,J
J30,Z
J31,J
L01,L
L02,L
L03,L
L05,L
L06,L
L08,L
L10,L
L11,L
L12,L
L13,L
L14,L
L15,L
L16,L
L17,L
L19,L
L20,L
L21,L
L22,L
L24,L
L25,L
L26,L
L27,L
L28,L
L29,L
M01,M
M04,M
M05,M
M06,M
M08,M
M09,M
M10,M
M11,J
M11,M
M11,Z
M12,J
M12,M
M13,J
M13,M
M14,J
M14,M
M16,J
M16,M
M16,Z
M18,J
M18,M
M18,Z
M19,J
M19,Z
M20,J
M20,Z
M21,J
M21,Z
M22,J
M22,Z
M23,J
M23,Z
N02,N
N02,W
N03,N
N03,W
N04,N
N04,W
N05,N
N05,W
N06,N
N06,W
N07,N
N07,W
N08,N
N08,W
N09,N
N09,W
N10,N
N10,W
Q01,N
Q01,Q
Q03,N
Q03,Q
Q03,R
Q04,N
Q04,Q
Q04,R
Q05,N
Q05,Q
Q05,R
R01,N
R01,W
R03,N
R03,W
R04,N
R04,W
R05,N
R05,W
R06,N
R06,W
R08,N
R08,W
R09,N
R09,W
R11,N
R11,R
R11,W
R13,N
R13,R
R13,W
R14,N
R14,Q
R14,R
R14,W
R15,N
R15,Q
R15,R
R15,W
R16,N
R16,Q
R16,R
R16,W
R17,N
R17,Q
R17,R
R17,W
R18,N
R18,Q
R18,R
R18,W
R19,N
R19,Q
R19,R
R19,W
R20,N
R20,Q
R20,R
R20,W
R21,N
R21,Q
R21,R
R21,W
R22,N
R22,Q
R22,R
R22,W
R23,N
R23,R
R23,W
R24,N
R24,R
R24,W
R25,N
R25,R
R25,W
R26,N
R26,R
R26,W
R27,N
R27,R
R27,W
R28,N
R28,R
R28,W
R29,N
R29,R
R29,W
R30,B
R30,D
R30,N
R30,Q
R30,R
R30,W
R31,D
R31,N
R31,R
R31,W
R32,D
R32,N
R32,R
R32,W
R33,D
R33,N
R33,R
R33,W
R34,D
R34,N
R34,R
R34,W
R35,D
R35,N
R35,R
R35,W
R36,D
R36,N
R36,R
R36,W
R39,N
R39,R
R39,W
R40,N
R40,R
R40,W
R41,N
R41,R
R41,W
R42,R
R43,R
R44,R
R45,R
S01,FS
S03,FS
S04,FS
S09,SI
S11,SI
S13,SI
S14,SI
S15,SI
S16,SI
S17,SI
S18,SI
S19,SI
S20,SI
S21,SI
S22,SI
S23,SI
S24,SI
S25,SI
S26,SI
S27,SI
S28,SI
S29,SI
S30,SI
S31,SI
